target,seed,n,auroc
P10275,42,1968,0.48329911217791144
P03372,42,1291,0.5444789910620567
Q06187,42,761,0.7647881996974281
P01116,42,722,0.7613998657605504
P15056,42,606,0.6838761567379988
P51531,42,432,0.6944743881502774
P00533,42,402,0.7683312908496732
Q9NWZ3,42,313,0.8742924528301887
P51532,42,271,0.6633442265795207
P10636,42,210,0.3343045843045843
O60885,42,162,0.5491540923639688
P01116/P04049,42,139,0.8284615384615384
Q92793,42,111,0.8307692307692307
P14902,42,109,0.38362573099415204
Q07889,42,91,0.4011916583912612
Q92918,42,91,0.753707627118644
Q92793/Q09472,42,83,0.9514925373134329
Q09472,42,80,0.9453125
P36969,42,76,0.8316939890710382
Q13422,42,73,0.502454991816694
P36888,42,70,0.673202614379085
P17706,42,68,0.7760416666666666
Q9BY41,42,61,0.42500000000000004
P18031,42,59,0.9329411764705882
P09874,42,57,0.4484126984126984
P36897,42,57,0.4923273657289003
Q00534,42,57,0.86375
P11802,42,56,0.7390243902439024
P51531/P51532,42,48,0.707231040564374
P50750,42,47,0.750909090909091
Q02750,42,46,0.6593406593406593
O15379,42,43,0.996969696969697
P98170,42,39,0.5505050505050505
Q9UBN7,42,39,0.44583333333333336
P49336,42,38,0.5990783410138248
P43490,42,36,0.22839506172839508
Q9UM73,42,34,0.5902777777777778
P01116/Q07889,42,32,0.4681818181818182
P25440,42,32,0.8987854251012146
Q15059,42,31,0.7905982905982907
P37840,42,30,0.5267857142857143
Q06124,42,30,0.7733333333333334
P30530,42,28,0.9393939393939394
Q9NYV4,42,28,0.8830409356725146
P40337,42,26,0.68125
Q14004,42,26,0.6964285714285714
P06239,42,25,0.7192982456140351
P40763,42,24,0.47058823529411764
P24941,42,22,0.9428571428571428
P49840,42,22,0.8421052631578948
Q9Y2I7,42,21,0.7592592592592593
P33981,42,20,0.5700000000000001
Q08881,42,19,0.6142857142857143
Q93009,42,19,0.8205128205128205
P08581,42,17,0.8166666666666667
P15170,42,17,0.25
Q96SW2,42,17,0.1538461538461538
O60674,42,14,1.0
Q9Y616,42,14,0.5416666666666666
Q5S007,42,13,0.6166666666666666
O75530,42,12,0.7714285714285714
Q16539,42,12,0.9166666666666667
P11474,42,11,0.7857142857142857
O43924,42,10,0.4444444444444444
O60760,42,10,0.4761904761904762
P10275,43,1968,0.48212209722664046
P03372,43,1291,0.5904701697467052
Q06187,43,761,0.7550907715582451
P01116,43,722,0.7683582934809967
P15056,43,606,0.684300896471949
P51531,43,432,0.718169840699485
P00533,43,402,0.7769437636165577
Q9NWZ3,43,313,0.8470125786163523
P51532,43,271,0.6519063180827886
P10636,43,210,0.350475912975913
O60885,43,162,0.5864959609815577
P01116/P04049,43,139,0.8364102564102565
Q92793,43,111,0.8416289592760181
P14902,43,109,0.39649122807017545
Q07889,43,91,0.4443892750744787
Q92918,43,91,0.7923728813559322
Q92793/Q09472,43,83,0.9514925373134329
Q09472,43,80,0.9440104166666666
P36969,43,76,0.8524590163934425
Q13422,43,73,0.5008183306055646
P36888,43,70,0.7459150326797386
P17706,43,68,0.7881944444444445
Q9BY41,43,61,0.3861111111111111
P18031,43,59,0.928235294117647
P09874,43,57,0.48412698412698413
P36897,43,57,0.43094629156010233
Q00534,43,57,0.8525
P11802,43,56,0.7650406504065042
P51531/P51532,43,48,0.6948853615520283
P50750,43,47,0.7290909090909091
Q02750,43,46,0.6263736263736264
O15379,43,43,1.0
P98170,43,39,0.5252525252525253
Q9UBN7,43,39,0.5402777777777777
P49336,43,38,0.663594470046083
P43490,43,36,0.20061728395061731
Q9UM73,43,34,0.6284722222222222
P01116/Q07889,43,32,0.4454545454545455
P25440,43,32,0.902834008097166
Q15059,43,31,0.7905982905982907
P37840,43,30,0.5089285714285714
Q06124,43,30,0.5822222222222222
P30530,43,28,0.9545454545454546
Q9NYV4,43,28,0.8713450292397661
P40337,43,26,0.7
Q14004,43,26,0.6964285714285714
P06239,43,25,0.7017543859649122
P40763,43,24,0.3529411764705882
P24941,43,22,0.9428571428571428
P49840,43,22,0.8421052631578948
Q9Y2I7,43,21,0.6851851851851851
P33981,43,20,0.53
Q08881,43,19,0.5714285714285714
Q93009,43,19,0.7051282051282052
P08581,43,17,0.8833333333333333
P15170,43,17,0.4230769230769231
Q96SW2,43,17,0.21153846153846154
O60674,43,14,1.0
Q9Y616,43,14,0.33333333333333337
Q5S007,43,13,0.6166666666666667
O75530,43,12,0.7428571428571429
Q16539,43,12,0.888888888888889
P11474,43,11,0.6785714285714286
O43924,43,10,0.0
O60760,43,10,0.7142857142857143
P10275,44,1968,0.4664478440672084
P03372,44,1291,0.5938828631105739
Q06187,44,761,0.7811875945537065
P01116,44,722,0.7628418910982464
P15056,44,606,0.7086375795257375
P51531,44,432,0.7182097656405956
P00533,44,402,0.7658122276688454
Q9NWZ3,44,313,0.8665880503144655
P51532,44,271,0.6528867102396514
P10636,44,210,0.34387140637140634
O60885,44,162,0.5461819844535893
P01116/P04049,44,139,0.8338461538461539
Q92793,44,111,0.8425339366515837
P14902,44,109,0.36198830409356725
Q07889,44,91,0.413604766633565
Q92918,44,91,0.7351694915254237
Q92793/Q09472,44,83,0.9468283582089553
Q09472,44,80,0.93359375
P36969,44,76,0.7715846994535518
Q13422,44,73,0.48036006546644844
P36888,44,70,0.684640522875817
P17706,44,68,0.7934027777777778
Q9BY41,44,61,0.3902777777777777
P18031,44,59,0.9023529411764706
P09874,44,57,0.46957671957671954
P36897,44,57,0.3797953964194374
Q00534,44,57,0.865
P11802,44,56,0.7390243902439024
P51531/P51532,44,48,0.7037037037037037
P50750,44,47,0.76
Q02750,44,46,0.7179487179487178
O15379,44,43,0.993939393939394
P98170,44,39,0.5303030303030303
Q9UBN7,44,39,0.5402777777777777
P49336,44,38,0.5806451612903225
P43490,44,36,0.26234567901234573
Q9UM73,44,34,0.5625
P01116/Q07889,44,32,0.5136363636363637
P25440,44,32,0.8947368421052632
Q15059,44,31,0.7948717948717949
P37840,44,30,0.5133928571428572
Q06124,44,30,0.6266666666666667
P30530,44,28,0.9848484848484849
Q9NYV4,44,28,0.8538011695906433
P40337,44,26,0.675
Q14004,44,26,0.7142857142857142
P06239,44,25,0.6578947368421053
P40763,44,24,0.4117647058823529
P24941,44,22,0.8857142857142858
P49840,44,22,0.8421052631578948
Q9Y2I7,44,21,0.6111111111111112
P33981,44,20,0.75
Q08881,44,19,0.34285714285714286
Q93009,44,19,0.7692307692307693
P08581,44,17,0.8666666666666667
P15170,44,17,0.5192307692307693
Q96SW2,44,17,0.25
O60674,44,14,1.0
Q9Y616,44,14,0.5833333333333333
Q5S007,44,13,0.55
O75530,44,12,0.7428571428571429
Q16539,44,12,0.888888888888889
P11474,44,11,0.6071428571428572
O43924,44,10,0.0
O60760,44,10,0.6190476190476191
